pdb_code,Helix_Start,Helix_End,Kink_Position,Kink_Start,Kink_End,Kink_Angle,sequence,n_radius,n_rmsd,c_radius,c_rmsd,Estimated_Error
1xesA,51,63,55,49,61,9.873,EHNTELKDKFKRI,1.977,0.410,1.859,0.304,7.639
1xesA,75,87,82,76,88,92.569,EEILKKNPDVCAF,1.936,0.331,1.740,0.500,9.200
1xesA,101,113,106,100,112,7.242,MLAMEVPRLAKEA,2.035,0.374,1.877,0.282,6.699
1xesA,169,181,177,171,183,10.670,GTVLRMAKDLAEN,1.878,0.359,1.953,0.328,7.224
1xesA,276,288,282,276,288,32.657,DLISANIENCMVE,1.982,0.379,1.860,0.288,6.881
1xesA,345,357,351,345,357,7.398,VHFILDQTRKASL,1.895,0.305,1.914,0.290,5.513
1xesA,52,64,59,53,65,8.273,ELKDKFKRICERS,1.922,0.314,1.923,0.317,6.252
1xesA,170,182,177,171,183,11.729,GTVLRMAKDLAEN,1.885,0.307,2.001,0.319,6.160
1xesB,51,63,55,49,61,8.910,EHNTELKDKFKRI,1.989,0.420,1.858,0.295,7.650
1xesB,75,87,82,76,88,97.662,EEILKKNPDVCAF,1.935,0.331,1.805,0.437,8.408
1xesB,101,113,106,100,112,7.191,MLAMEVPRLAKEA,1.983,0.353,1.926,0.315,6.906
1xesB,169,181,177,171,183,13.159,GTVLRMAKDLAEN,1.867,0.355,1.944,0.321,7.047
1xesB,276,288,282,276,288,34.403,DLISANIENCMVE,2.006,0.410,1.857,0.294,7.492
1xesB,345,357,351,345,357,7.963,VHFILDQTRKASL,1.870,0.301,1.912,0.308,5.809
1xesB,52,64,59,53,65,7.339,ELKDKFKRICERS,1.885,0.295,1.919,0.317,5.883
1xesB,170,182,177,171,183,11.916,GTVLRMAKDLAEN,1.869,0.307,1.997,0.327,6.305
1xesC,75,87,82,76,88,91.964,EEILKKNPDVCAF,1.925,0.320,1.804,0.493,8.991
1xesC,101,113,106,100,112,9.377,MLAMEVPRLAKEA,1.976,0.349,1.908,0.301,6.578
1xesC,169,181,177,171,183,15.346,GTVLRMAKDLAEN,1.887,0.359,1.919,0.312,6.953
1xesC,276,288,282,276,288,34.663,DLISANIENCMVE,2.006,0.404,1.858,0.289,7.326
1xesC,345,357,351,345,357,8.506,VHFILDQTRKASL,1.854,0.303,1.914,0.293,5.560
1xesC,170,182,177,171,183,16.744,GTVLRMAKDLAEN,1.850,0.359,1.919,0.312,6.960
1xesD,169,181,177,171,183,14.391,GTVLRMAKDLAEN,1.868,0.358,1.931,0.313,6.957
1xesD,75,87,82,76,88,90.575,EEILKKNPDVCAF,1.935,0.337,1.748,0.480,9.042
1xesD,101,113,106,100,112,7.549,MLAMEVPRLAKEA,1.982,0.355,1.889,0.299,6.667
1xesD,169,181,177,171,183,14.391,GTVLRMAKDLAEN,1.868,0.358,1.931,0.313,6.957
1xesD,276,288,282,276,288,31.065,DLISANIENCMVE,1.952,0.367,1.844,0.299,6.883
1xesD,345,357,351,345,357,4.669,VHFILDQTRKASL,1.886,0.317,1.936,0.298,5.931
1xesD,345,357,351,345,357,4.669,VHFILDQTRKASL,1.886,0.317,1.936,0.298,5.931
1xesD,170,182,177,171,183,14.935,GTVLRMAKDLAEN,1.881,0.302,2.005,0.306,5.807
